True Model,Estimated Model
0.9762700785464951,0.21448703477967523
4.30378732744839,7.197065172027351
2.055267521432878,1.8190459732807414
0.8976636599379368,0.8935207167011852
