True Model,Estimated Model
0.9762700785464951,-2.8436627173615534
4.30378732744839,-0.6246210348928685
2.055267521432878,1.8487298229849463
0.8976636599379368,0.9908810802375109
